{"cameraMode":{"drawMode":0,"name":"Shaded","section":"Shading Mode"},"sceneLighting":false,"audioPlay":false,"sceneViewState":{"m_AlwaysRefresh":false,"showFog":true,"showSkybox":false,"showFlares":true,"showImageEffects":true,"showParticleSystems":true,"showVisualEffectGraphs":true,"m_FxEnabled":true},"in2DMode":false,"pivot":{"x":1.7289199829101563,"y":0.4392029345035553,"z":3.158392906188965},"rotation":{"x":0.005201561842113733,"y":0.9914116859436035,"z":-0.12438231706619263,"w":0.04134301096200943},"size":0.8660253882408142,"orthographic":false}